Timestamp,Action,Details
2024-12-23 21:44:50,Grid Stats Printed,Printed grid statistics to console.
2024-12-23 22:02:44,Grid Stats Printed,Printed grid statistics to console.
2024-12-23 22:04:27,Grid Stats Printed,Printed grid statistics to console.
2024-12-23 22:07:53,Grid Stats Printed,Printed grid statistics to console.
2024-12-23 22:21:03,Grid Stats Printed,Printed grid statistics to console.
2024-12-23 22:21:21,Grid Stats Printed,Printed grid statistics to console.
2024-12-23 22:32:22,Grid Stats Printed,Printed grid statistics to console.
2024-12-23 22:32:40,Save Environment,environment.npy
2024-12-24 01:15:00,Grid Stats Printed,Printed grid statistics to console.
2024-12-24 01:15:34,Grid Stats Printed,Printed grid statistics to console.
2024-12-24 01:31:17,Grid Stats Printed,Printed grid statistics to console.
2024-12-24 02:06:48,Grid Stats Printed,Printed grid statistics to console.
2024-12-24 02:09:09,Grid Stats Printed,Printed grid statistics to console.
2024-12-24 02:10:07,Grid Stats Printed,Printed grid statistics to console.
2024-12-24 02:11:41,Grid Stats Printed,Printed grid statistics to console.
2024-12-24 02:17:54,Grid Stats Printed,Printed grid statistics to console.
2024-12-24 02:24:55,Grid Stats Printed,Printed grid statistics to console.
2024-12-24 02:25:27,Grid Stats Printed,Printed grid statistics to console.
2024-12-24 02:26:17,Grid Stats Printed,Printed grid statistics to console.
2024-12-24 02:26:41,Grid Stats Printed,Printed grid statistics to console.
2024-12-24 02:27:35,Grid Stats Printed,Printed grid statistics to console.
2024-12-24 02:29:09,Grid Stats Printed,Printed grid statistics to console.
2024-12-24 02:32:34,Grid Stats Printed,Printed grid statistics to console.
2024-12-24 02:37:10,Grid Stats Printed,Printed grid statistics to console.
2024-12-24 02:37:39,Save Environment,environment.npy
2024-12-24 02:37:41,Building Added,"Added building at (890, 442)"
2024-12-24 02:41:37,Grid Stats Printed,Printed grid statistics to console.
2024-12-24 02:42:17,Grid Stats Printed,Printed grid statistics to console.
2024-12-24 02:53:10,Grid Stats Printed,Printed grid statistics to console.
2024-12-24 02:53:17,Environment Loaded,Loaded from 'environment.npy'
2024-12-24 02:53:17,Grid Stats Printed,Printed grid statistics to console.
2024-12-24 02:53:19,Environment Loaded,Loaded from 'environment.npy'
2024-12-24 02:53:19,Grid Stats Printed,Printed grid statistics to console.
2024-12-24 02:53:20,Environment Loaded,Loaded from 'environment.npy'
2024-12-24 02:53:20,Grid Stats Printed,Printed grid statistics to console.
2024-12-24 02:53:22,Environment Loaded,Loaded from 'environment.npy'
2024-12-24 02:53:22,Grid Stats Printed,Printed grid statistics to console.
2024-12-24 02:53:23,Environment Loaded,Loaded from 'environment.npy'
2024-12-24 02:53:23,Grid Stats Printed,Printed grid statistics to console.
2024-12-24 02:53:24,Environment Loaded,Loaded from 'environment.npy'
2024-12-24 02:53:24,Grid Stats Printed,Printed grid statistics to console.
2024-12-24 02:53:24,Environment Loaded,Loaded from 'environment.npy'
2024-12-24 02:53:24,Grid Stats Printed,Printed grid statistics to console.
2024-12-24 02:53:30,Grid Stats Printed,Printed grid statistics to console.
2024-12-24 13:57:30,Grid Stats Printed,Printed grid statistics to console.
2024-12-24 14:28:31,Grid Stats Printed,Printed grid statistics to console.
2024-12-24 14:29:12,Building Added,"Added building at (394, 361)"
2024-12-24 14:29:22,Save Environment,environment.npy
2024-12-24 16:31:42,Grid Stats Printed,Printed grid statistics to console.
2024-12-24 16:31:58,Grid Stats Printed,Printed grid statistics to console.
2024-12-24 16:32:07,Save Environment,environment.npy
2024-12-24 16:32:09,Save Environment,environment.npy
2024-12-24 16:32:09,Save Environment,environment.npy
2024-12-24 16:32:13,Grid Stats Printed,Printed grid statistics to console.
2024-12-24 16:32:36,Grid Stats Printed,Printed grid statistics to console.
2024-12-24 16:32:45,Environment Loaded,Loaded from 'environment.npy'
2024-12-24 16:32:45,Grid Stats Printed,Printed grid statistics to console.
2024-12-24 16:32:46,Environment Loaded,Loaded from 'environment.npy'
2024-12-24 16:32:46,Grid Stats Printed,Printed grid statistics to console.
2024-12-24 16:32:47,Environment Loaded,Loaded from 'environment.npy'
2024-12-24 16:32:47,Grid Stats Printed,Printed grid statistics to console.
2024-12-24 16:32:47,Environment Loaded,Loaded from 'environment.npy'
2024-12-24 16:32:47,Grid Stats Printed,Printed grid statistics to console.
2024-12-24 16:32:48,Environment Loaded,Loaded from 'environment.npy'
2024-12-24 16:32:48,Grid Stats Printed,Printed grid statistics to console.
2024-12-24 16:33:02,Grid Stats Printed,Printed grid statistics to console.
2024-12-24 16:36:01,Grid Stats Printed,Printed grid statistics to console.
2024-12-27 20:32:55,Grid Stats Printed,Printed grid statistics to console.
2024-12-27 20:33:10,Building Removed,"Removed building at (892, 538)"
2024-12-27 20:33:53,Building Removed,"Removed building at (880, 592)"
